﻿{"cameraMode":{"drawMode":0,"name":"Shaded","section":"Shading Mode"},"sceneLighting":true,"audioPlay":false,"sceneViewState":{"showFog":true,"showMaterialUpdate":false,"showSkybox":true,"showFlares":true,"showImageEffects":true,"showParticleSystems":true},"in2DMode":false,"pivot":{"x":4.417222023010254,"y":4.1749420166015629,"z":-0.5083990097045898},"rotation":{"x":-0.03326665982604027,"y":-0.6504137516021729,"z":0.02848607487976551,"w":-0.7583863139152527},"size":21.76789093017578,"orthographic":false}