﻿{"cameraMode":{"drawMode":0,"name":"Shaded","section":"Shading Mode"},"sceneLighting":true,"audioPlay":false,"sceneViewState":{"showFog":true,"showMaterialUpdate":false,"showSkybox":true,"showFlares":true,"showImageEffects":true,"showParticleSystems":true},"in2DMode":false,"pivot":{"x":-1.6371914148330689,"y":0.06716394424438477,"z":0.13438081741333009},"rotation":{"x":-0.3078031539916992,"y":0.0718369111418724,"z":-0.023313673213124276,"w":-0.9484490752220154},"size":8.128555297851563,"orthographic":false}