﻿{"cameraMode":{"drawMode":0,"name":"Shaded","section":"Shading Mode"},"sceneLighting":true,"audioPlay":false,"sceneViewState":{"showFog":true,"showMaterialUpdate":false,"showSkybox":true,"showFlares":true,"showImageEffects":true,"showParticleSystems":true},"in2DMode":false,"pivot":{"x":0.4458880126476288,"y":0.425262451171875,"z":0.030001860111951829},"rotation":{"x":-0.3695923686027527,"y":-0.038726914674043658,"z":0.015432060696184636,"w":-0.9282784461975098},"size":3.6167654991149904,"orthographic":false}