﻿{"cameraMode":{"drawMode":0,"name":"Shaded","section":"Shading Mode"},"sceneLighting":true,"audioPlay":false,"sceneViewState":{"showFog":true,"showMaterialUpdate":false,"showSkybox":true,"showFlares":true,"showImageEffects":true,"showParticleSystems":true},"in2DMode":false,"pivot":{"x":0.00535246729850769,"y":0.3970904052257538,"z":-0.011868104338645935},"rotation":{"x":-0.3925953805446625,"y":0.03778138384222984,"z":-0.016146624460816385,"w":-0.918800950050354},"size":2.1755433082580568,"orthographic":false}