﻿{"cameraMode":{"drawMode":0,"name":"Shaded","section":"Shading Mode"},"sceneLighting":true,"audioPlay":false,"sceneViewState":{"showFog":true,"showMaterialUpdate":false,"showSkybox":true,"showFlares":true,"showImageEffects":true,"showParticleSystems":true},"in2DMode":false,"pivot":{"x":-1.0317010879516602,"y":4.01813268661499,"z":-3.137113332748413},"rotation":{"x":-0.3525295853614807,"y":0.015992898494005204,"z":-0.006039122585207224,"w":-0.9357010126113892},"size":4.160525321960449,"orthographic":false}