﻿{"cameraMode":{"drawMode":0,"name":"Shaded","section":"Shading Mode"},"sceneLighting":true,"audioPlay":false,"sceneViewState":{"showFog":true,"showMaterialUpdate":false,"showSkybox":true,"showFlares":true,"showImageEffects":true,"showParticleSystems":true},"in2DMode":false,"pivot":{"x":-0.2468542754650116,"y":0.16030162572860719,"z":0.13962163031101228},"rotation":{"x":-0.6995698809623718,"y":-0.011572224088013173,"z":0.011335697956383229,"w":-0.7144008874893189},"size":3.116236448287964,"orthographic":false}