﻿{"cameraMode":{"drawMode":0,"name":"Shaded","section":"Shading Mode"},"sceneLighting":true,"audioPlay":false,"sceneViewState":{"showFog":true,"showMaterialUpdate":false,"showSkybox":true,"showFlares":true,"showImageEffects":true,"showParticleSystems":true},"in2DMode":false,"pivot":{"x":-0.09000000357627869,"y":0.3499999940395355,"z":-0.029999999329447748},"rotation":{"x":-0.39545944333076479,"y":0.5865679383277893,"z":-0.39641672372817995,"w":-0.5851660966873169},"size":3.93047833442688,"orthographic":false}