﻿{"cameraMode":{"drawMode":0,"name":"Shaded","section":"Shading Mode"},"sceneLighting":true,"audioPlay":false,"sceneViewState":{"showFog":true,"showMaterialUpdate":false,"showSkybox":true,"showFlares":true,"showImageEffects":true,"showParticleSystems":true},"in2DMode":false,"pivot":{"x":50.151432037353519,"y":0.39552080631256106,"z":-0.1618746519088745},"rotation":{"x":-0.44736310839653017,"y":0.0005346870166249573,"z":-0.0002695751318242401,"w":-0.8943638205528259},"size":63.62799835205078,"orthographic":false}