﻿{"cameraMode":{"drawMode":0,"name":"Shaded","section":"Shading Mode"},"sceneLighting":true,"audioPlay":false,"sceneViewState":{"showFog":true,"showMaterialUpdate":false,"showSkybox":true,"showFlares":true,"showImageEffects":true,"showParticleSystems":true},"in2DMode":false,"pivot":{"x":-0.20097079873085023,"y":0.2883666753768921,"z":0.12275649607181549},"rotation":{"x":-0.03254855424165726,"y":0.9614430069923401,"z":-0.24018701910972596,"w":-0.13029630482196809},"size":1.819665551185608,"orthographic":false}